<keymap version="1" name="Windows copy 1" parent="$default">
  <action id="$EditorTranslateAction">
    <keyboard-shortcut first-keystroke="alt q" />
  </action>
  <action id="$ShowTranslationDialogAction">
    <keyboard-shortcut first-keystroke="alt w" />
  </action>
  <action id="$SwitchTranslationEngineAction" />
  <action id="$TerminalTranslationAction" />
  <action id="$ToggleQuickDocTranslationAction" />
  <action id="$TranslateAndReplaceAction">
    <keyboard-shortcut first-keystroke="alt e" />
  </action>
  <action id="$TranslateRenderedDocSelectionAction" />
  <action id="$TranslateTextComponent" />
  <action id="ChangesView.Rename">
    <keyboard-shortcut first-keystroke="f2" />
  </action>
  <action id="Editor EditorTranslateAction">
    <keyboard-shortcut first-keystroke="alt q" />
  </action>
  <action id="Editor ShowTranslationDialogAction">
    <keyboard-shortcut first-keystroke="alt w" />
  </action>
  <action id="Editor TranslateAndReplaceAction">
    <keyboard-shortcut first-keystroke="alt e" />
  </action>
  <action id="Editor TranslateQuickDocAction">
    <keyboard-shortcut first-keystroke="alt q" />
  </action>
  <action id="EditorContextInfo" />
  <action id="Git.Rename.Local.Branch">
    <keyboard-shortcut first-keystroke="f2" />
  </action>
  <action id="Git.Reword.Commit">
    <keyboard-shortcut first-keystroke="f2" />
  </action>
  <action id="Graph.ApplyCurrentLayout" />
  <action id="PinBalloonAction" />
  <action id="RenameElement">
    <keyboard-shortcut first-keystroke="shift f6" />
    <keyboard-shortcut first-keystroke="shift f5" />
  </action>
  <action id="RevealIn">
    <keyboard-shortcut first-keystroke="back_quote" />
  </action>
  <action id="ShelvedChanges.Rename">
    <keyboard-shortcut first-keystroke="f2" />
  </action>
</keymap>