<application>
  <component name="Translation.Cache">
    <option name="lastTrimTime" value="1698588277013" />
  </component>
  <component name="Translation.Settings">
    <option name="primaryLanguage" value="AUTO" />
    <option name="translator" value="YOUDAO" />
    <option name="youdaoTranslateSettings">
      <youdao-translate>
        <option name="appId" value="790d8c17d9b6123c" />
      </youdao-translate>
    </option>
  </component>
  <component name="Translation.States">
    <option name="newTranslationDialogHeight" value="370" />
    <option name="newTranslationDialogWidth" value="921" />
    <option name="newTranslationDialogX" value="368" />
    <option name="newTranslationDialogY" value="276" />
    <histories>
      <item value="cycle" />
      <item value="'binlog_format' is deprecated and will be removed in a future release." />
      <item value="Unable to resize binlog IOCACHE auxiliary file" />
      <item value="Unable to commit against JDBC Connection" />
      <item value="Can't change size of file (OS errno 2 - No such file or directory)" />
      <item value="change" />
      <item value="file" />
      <item value="[Warning] World-writable config file '/etc/mysql/my.cnf' is ignored." />
      <item value=": Can't connect to local MySQL server through socket '/var/run/mysqld/mysqld.sock' (2)" />
      <item value="matrix display" />
      <item value="matrix displa" />
      <item value="matrix dis" />
      <item value="matrix" />
      <item value="ma" />
      <item value="cooler boost 5" />
      <item value="coo" />
      <item value="discrete graphics mode" />
      <item value="discrete graphics" />
      <item value="discrete grap" />
      <item value="discrete gra" />
      <item value="discrete " />
      <item value="discrete" />
      <item value="disc" />
      <item value="over boost" />
      <item value="over " />
      <item value="overb" />
      <item value="over" />
      <item value="vector gp78 hx 13v" />
      <item value="vector gp78 hx 123" />
      <item value="vector gp78 hx 12v" />
      <item value="vector gp78 hx " />
      <item value="vector gp78 " />
      <item value="vector gp78" />
      <item value="vector gp" />
      <item value="vector " />
      <item value="vector" />
      <item value="vect" />
      <item value="vec" />
      <item value="&#10;Unable to get the server mode using the &quot;INFO server&quot; command to check if the connection mode matches the server mode. redis.clients.jedis.exceptions.JedisDataException: DENIED Redis is running in protected mode because protected mode is enabled and no password is set for the default user. In this mode connections are only accepted from the loopback interface. If you want to connect from external computers to Redis you may adopt one of the following solutions: 1) Just disable protected mode sending the command 'CONFIG SET protected-mode no' from the loopback interface by connecting to Redis from the same host the server is running, however MAKE SURE Redis is not publicly accessible from internet if you do so. Use CONFIG REWRITE to make this change permanent. 2) Alternatively you can just disable the protected mode by editing the Redis configuration file, and setting the protected mode option to 'no', and then restarting the server. 3) If you started the server manually just for testing, restart it with the '--protected-mode no' option. 4) Set up an authentication password for the default user. NOTE: You only need to do one of the above things in order for the server to start accepting connections from the outside." />
      <item value="WARNING Memory overcommit must be enabled! Without it, a background save or replication may fail under low memory condition. Being disabled, it can also cause failures without low memory condition, see https://github.com/jemalloc/jemalloc/issues/1328. To fix this issue add 'vm.overcommit_memory = 1' to /etc/sysctl.conf and then reboot or run the command 'sysctl vm.overcommit_memory=1' for this to take effect." />
      <item value="Unable to get the server mode using the &quot;INFO server&quot; command to check if the connection mode matches the server mode. You can disable the connection mode verification. With the verification disabled, you need to ensure on your own that the prefix in your URL is correct (jdbc:redis:// or jdbc:redis:cluster://)." />
      <item value="Can not read response from server. Expected to read 4 bytes, read 0 bytes before connection was unexpectedly lost." />
      <item value="The JRE_HOME environment variable is not defined correctly This environment variable is needed to run this program" />
      <item value="The JRE_HOME environment variable is not defined correctly Disconnected from server This environment variable is needed to run this program" />
      <item value="The JRE_HOME environment variable is not defined correctly This environment variable is needed to run this program Disconnected from server" />
      <item value="Disconnected from server The JRE_HOME environment variable is not defined correctly This environment variable is needed to run this program" />
      <item value="Disconnected from server" />
      <item value="cache" />
      <item value="enabled" />
    </histories>
    <option name="languageScores">
      <map>
        <entry key="CHINESE" value="11" />
        <entry key="ENGLISH" value="11" />
      </map>
    </option>
  </component>
</application>