<application>
  <component name="Translation.Cache">
    <option name="lastTrimTime" value="1700450926192" />
  </component>
  <component name="Translation.Settings">
    <option name="primaryLanguage" value="AUTO" />
    <option name="translator" value="YOUDAO" />
    <option name="youdaoTranslateSettings">
      <youdao-translate>
        <option name="appId" value="790d8c17d9b6123c" />
      </youdao-translate>
    </option>
  </component>
  <component name="Translation.States">
    <option name="newTranslationDialogHeight" value="370" />
    <option name="newTranslationDialogWidth" value="911" />
    <option name="newTranslationDialogX" value="368" />
    <option name="newTranslationDialogY" value="276" />
    <histories>
      <item value="drafter submit" />
      <item value="start Kpi Main Process" />
      <item value="self-assessment" />
      <item value="考核自评" />
      <item value="自评" />
      <item value="depend" />
      <item value="is Area" />
      <item value="recycle" />
      <item value="lancet" />
      <item value="get Fd Activity Type" />
      <item value="is Suspended" />
      <item value="evict" />
      <item value="reduce" />
      <item value="locker Id" />
      <item value="fire" />
      <item value="wait Unlock" />
      <item value="等待次数" />
      <item value="deng" />
      <item value="次数" />
      <item value="wait Num" />
      <item value="重试次数" />
      <item value="chong'shi" />
      <item value="nanos" />
      <item value="the maximum time to wait in milliseconds." />
      <item value="wait Locker" />
      <item value="SECOND" />
      <item value="Thread" />
      <item value="timeout" />
      <item value="owner" />
      <item value="Causes the current thread to wait until another thread invokes the {@link java.lang.Objectnotify()} method or the {@link java.lang.ObjectnotifyAll()} method for this object. In other words, this method behaves exactly as if it simply performs the call {@code wait(0)}. &lt;p&gt; The current thread must own this object's monitor. The thread releases ownership of this monitor and waits until another thread notifies threads waiting on this object's monitor to wake up either through a call to the {@code notify} method or the {@code notifyAll} method. The thread then waits until it can re-obtain ownership of the monitor and resumes execution. &lt;p&gt; As in the one argument version, interrupts and spurious wakeups are possible, and this method should always be used in a loop: &lt;pre&gt; synchronized (obj) { while (&amp;lt;condition does not hold&amp;gt;) obj.wait(); ... Perform action appropriate to condition } &lt;pre&gt; This method should only be called by a thread that is the owner of this object's monitor. See the {@code notify} method for a description of the ways in which a thread can become the owner of a monitor. @throws IllegalMonitorStateException if the current thread is not the owner of the object's monitor. @throws InterruptedException if any thread interrupted the current thread before or while the current thread was waiting for a notification. The &lt;i&gt;interrupted status&lt;i&gt; of the current thread is cleared when this exception is thrown. @see java.lang.Objectnotify() @see java.lang.ObjectnotifyAll()" />
      <item value="has Lock" />
      <item value="Helper function that creates table" />
      <item value="extend" />
      <item value="ex" />
      <item value="w" />
      <item value=" Insecure configuration for --secure-file-priv: Location is accessible to all OS users. Consider choosing a different directory." />
      <item value="X Plugin ready for connections. Bind-address: '::' port: 33060, socket: " />
      <item value="Setting lower_case_table_names=2 because file system for /var/lib/mysql/ is case insensitive" />
      <item value="encrypt" />
      <item value="feat" />
      <item value="Cache is not alive" />
      <item value="SYS READER" />
      <item value="JMS IPLC HK 1000 V2 EARLY ACCESS" />
      <item value="Just My Socks LA 500" />
      <item value="Promotion Code Accepted! Your order total has been updated." />
      <item value="labjic" />
      <item value="lab" />
      <item value="labtic" />
      <item value="teflo" />
      <item value="teflon" />
    </histories>
    <option name="languageScores">
      <map>
        <entry key="CHINESE" value="62" />
        <entry key="ENGLISH" value="58" />
        <entry key="ESTONIAN" value="1" />
        <entry key="GERMAN" value="1" />
        <entry key="INDONESIAN" value="1" />
        <entry key="LATIN" value="1" />
      </map>
    </option>
  </component>
</application>