<keymap version="1" name="Windows copy 1" parent="$default">
  <action id="$EditorTranslateAction">
    <keyboard-shortcut first-keystroke="alt q" />
  </action>
  <action id="$ShowTranslationDialogAction">
    <keyboard-shortcut first-keystroke="alt w" />
  </action>
  <action id="$SwitchTranslationEngineAction" />
  <action id="$TerminalTranslationAction" />
  <action id="$ToggleQuickDocTranslationAction" />
  <action id="$TranslateAndReplaceAction">
    <keyboard-shortcut first-keystroke="alt r" />
  </action>
  <action id="$TranslateRenderedDocSelectionAction" />
  <action id="$TranslateTextComponent" />
  <action id="Editor EditorTranslateAction">
    <keyboard-shortcut first-keystroke="alt q" />
  </action>
  <action id="Editor ShowTranslationDialogAction">
    <keyboard-shortcut first-keystroke="alt w" />
  </action>
  <action id="Editor TranslateAndReplaceAction">
    <keyboard-shortcut first-keystroke="alt r" />
  </action>
  <action id="Editor TranslateQuickDocAction">
    <keyboard-shortcut first-keystroke="alt q" />
  </action>
  <action id="EditorContextInfo" />
  <action id="PinBalloonAction" />
</keymap>