<keymap version="1" name="Windows copy" parent="$default">
  <action id="$EditorTranslateAction">
    <keyboard-shortcut first-keystroke="shift ctrl y" />
    <keyboard-shortcut first-keystroke="alt q" />
  </action>
  <action id="$ShowTranslationDialogAction">
    <keyboard-shortcut first-keystroke="shift ctrl o" />
    <keyboard-shortcut first-keystroke="alt w" />
  </action>
  <action id="$TranslateAndReplaceAction">
    <keyboard-shortcut first-keystroke="shift ctrl x" />
    <keyboard-shortcut first-keystroke="alt e" />
  </action>
  <action id="Editor EditorTranslateAction">
    <keyboard-shortcut first-keystroke="alt q" />
  </action>
  <action id="Editor ShowTranslationDialogAction">
    <keyboard-shortcut first-keystroke="alt w" />
  </action>
  <action id="Editor TranslateAndReplaceAction">
    <keyboard-shortcut first-keystroke="alt e" />
  </action>
  <action id="EditorContextInfo" />
  <action id="EvaluateExpression">
    <keyboard-shortcut first-keystroke="alt f8" />
    <keyboard-shortcut first-keystroke="alt r" />
  </action>
  <action id="PinBalloonAction">
    <keyboard-shortcut first-keystroke="shift ctrl y" />
    <keyboard-shortcut first-keystroke="alt q" />
  </action>
  <action id="RevealIn">
    <keyboard-shortcut first-keystroke="back_quote" />
  </action>
</keymap>