<application>
  <component name="ProjectJdkTable">
    <jdk version="2">
      <name value="1.7" />
      <type value="JavaSDK" />
      <version value="Oracle OpenJDK version 1.7" />
      <homePath value="C:/project/IntelliJIDEAProject/work/env/j2sdk1.7.0" />
      <roots>
        <annotationsPath>
          <root type="composite">
            <root url="jar://$APPLICATION_HOME_DIR$/plugins/java/lib/resources/jdkAnnotations.jar!/" type="simple" />
          </root>
        </annotationsPath>
        <classPath>
          <root type="composite">
            <root url="jar://C:/project/IntelliJIDEAProject/work/env/j2sdk1.7.0/jre/lib/charsets.jar!/" type="simple" />
            <root url="jar://C:/project/IntelliJIDEAProject/work/env/j2sdk1.7.0/jre/lib/deploy.jar!/" type="simple" />
            <root url="jar://C:/project/IntelliJIDEAProject/work/env/j2sdk1.7.0/jre/lib/ext/access-bridge-64.jar!/" type="simple" />
            <root url="jar://C:/project/IntelliJIDEAProject/work/env/j2sdk1.7.0/jre/lib/ext/dnsns.jar!/" type="simple" />
            <root url="jar://C:/project/IntelliJIDEAProject/work/env/j2sdk1.7.0/jre/lib/ext/jaccess.jar!/" type="simple" />
            <root url="jar://C:/project/IntelliJIDEAProject/work/env/j2sdk1.7.0/jre/lib/ext/localedata.jar!/" type="simple" />
            <root url="jar://C:/project/IntelliJIDEAProject/work/env/j2sdk1.7.0/jre/lib/ext/sunec.jar!/" type="simple" />
            <root url="jar://C:/project/IntelliJIDEAProject/work/env/j2sdk1.7.0/jre/lib/ext/sunjce_provider.jar!/" type="simple" />
            <root url="jar://C:/project/IntelliJIDEAProject/work/env/j2sdk1.7.0/jre/lib/ext/sunmscapi.jar!/" type="simple" />
            <root url="jar://C:/project/IntelliJIDEAProject/work/env/j2sdk1.7.0/jre/lib/ext/zipfs.jar!/" type="simple" />
            <root url="jar://C:/project/IntelliJIDEAProject/work/env/j2sdk1.7.0/jre/lib/javaws.jar!/" type="simple" />
            <root url="jar://C:/project/IntelliJIDEAProject/work/env/j2sdk1.7.0/jre/lib/jce.jar!/" type="simple" />
            <root url="jar://C:/project/IntelliJIDEAProject/work/env/j2sdk1.7.0/jre/lib/jfr.jar!/" type="simple" />
            <root url="jar://C:/project/IntelliJIDEAProject/work/env/j2sdk1.7.0/jre/lib/jfxrt.jar!/" type="simple" />
            <root url="jar://C:/project/IntelliJIDEAProject/work/env/j2sdk1.7.0/jre/lib/jsse.jar!/" type="simple" />
            <root url="jar://C:/project/IntelliJIDEAProject/work/env/j2sdk1.7.0/jre/lib/management-agent.jar!/" type="simple" />
            <root url="jar://C:/project/IntelliJIDEAProject/work/env/j2sdk1.7.0/jre/lib/plugin.jar!/" type="simple" />
            <root url="jar://C:/project/IntelliJIDEAProject/work/env/j2sdk1.7.0/jre/lib/resources.jar!/" type="simple" />
            <root url="jar://C:/project/IntelliJIDEAProject/work/env/j2sdk1.7.0/jre/lib/rt.jar!/" type="simple" />
          </root>
        </classPath>
        <javadocPath>
          <root type="composite">
            <root url="https://docs.oracle.com/javase/7/docs/api/" type="simple" />
            <root url="https://docs.oracle.com/javafx/2/api/" type="simple" />
          </root>
        </javadocPath>
        <sourcePath>
          <root type="composite" />
        </sourcePath>
      </roots>
      <additional />
    </jdk>
    <jdk version="2">
      <name value="1.8" />
      <type value="JavaSDK" />
      <version value="Oracle OpenJDK version 1.8.0_201" />
      <homePath value="C:/project/IntelliJIDEAProject/work/env/jdk1.8.0_201" />
      <roots>
        <annotationsPath>
          <root type="composite">
            <root url="jar://$APPLICATION_HOME_DIR$/plugins/java/lib/resources/jdkAnnotations.jar!/" type="simple" />
          </root>
        </annotationsPath>
        <classPath>
          <root type="composite">
            <root url="jar://C:/project/IntelliJIDEAProject/work/env/jdk1.8.0_201/jre/lib/charsets.jar!/" type="simple" />
            <root url="jar://C:/project/IntelliJIDEAProject/work/env/jdk1.8.0_201/jre/lib/deploy.jar!/" type="simple" />
            <root url="jar://C:/project/IntelliJIDEAProject/work/env/jdk1.8.0_201/jre/lib/ext/access-bridge-64.jar!/" type="simple" />
            <root url="jar://C:/project/IntelliJIDEAProject/work/env/jdk1.8.0_201/jre/lib/ext/cldrdata.jar!/" type="simple" />
            <root url="jar://C:/project/IntelliJIDEAProject/work/env/jdk1.8.0_201/jre/lib/ext/dnsns.jar!/" type="simple" />
            <root url="jar://C:/project/IntelliJIDEAProject/work/env/jdk1.8.0_201/jre/lib/ext/jaccess.jar!/" type="simple" />
            <root url="jar://C:/project/IntelliJIDEAProject/work/env/jdk1.8.0_201/jre/lib/ext/jfxrt.jar!/" type="simple" />
            <root url="jar://C:/project/IntelliJIDEAProject/work/env/jdk1.8.0_201/jre/lib/ext/localedata.jar!/" type="simple" />
            <root url="jar://C:/project/IntelliJIDEAProject/work/env/jdk1.8.0_201/jre/lib/ext/nashorn.jar!/" type="simple" />
            <root url="jar://C:/project/IntelliJIDEAProject/work/env/jdk1.8.0_201/jre/lib/ext/sunec.jar!/" type="simple" />
            <root url="jar://C:/project/IntelliJIDEAProject/work/env/jdk1.8.0_201/jre/lib/ext/sunjce_provider.jar!/" type="simple" />
            <root url="jar://C:/project/IntelliJIDEAProject/work/env/jdk1.8.0_201/jre/lib/ext/sunmscapi.jar!/" type="simple" />
            <root url="jar://C:/project/IntelliJIDEAProject/work/env/jdk1.8.0_201/jre/lib/ext/sunpkcs11.jar!/" type="simple" />
            <root url="jar://C:/project/IntelliJIDEAProject/work/env/jdk1.8.0_201/jre/lib/ext/zipfs.jar!/" type="simple" />
            <root url="jar://C:/project/IntelliJIDEAProject/work/env/jdk1.8.0_201/jre/lib/javaws.jar!/" type="simple" />
            <root url="jar://C:/project/IntelliJIDEAProject/work/env/jdk1.8.0_201/jre/lib/jce.jar!/" type="simple" />
            <root url="jar://C:/project/IntelliJIDEAProject/work/env/jdk1.8.0_201/jre/lib/jfr.jar!/" type="simple" />
            <root url="jar://C:/project/IntelliJIDEAProject/work/env/jdk1.8.0_201/jre/lib/jfxswt.jar!/" type="simple" />
            <root url="jar://C:/project/IntelliJIDEAProject/work/env/jdk1.8.0_201/jre/lib/jsse.jar!/" type="simple" />
            <root url="jar://C:/project/IntelliJIDEAProject/work/env/jdk1.8.0_201/jre/lib/management-agent.jar!/" type="simple" />
            <root url="jar://C:/project/IntelliJIDEAProject/work/env/jdk1.8.0_201/jre/lib/plugin.jar!/" type="simple" />
            <root url="jar://C:/project/IntelliJIDEAProject/work/env/jdk1.8.0_201/jre/lib/resources.jar!/" type="simple" />
            <root url="jar://C:/project/IntelliJIDEAProject/work/env/jdk1.8.0_201/jre/lib/rt.jar!/" type="simple" />
          </root>
        </classPath>
        <javadocPath>
          <root type="composite" />
        </javadocPath>
        <sourcePath>
          <root type="composite">
            <root url="jar://C:/project/IntelliJIDEAProject/work/env/jdk1.8.0_201/src.zip!/" type="simple" />
            <root url="jar://C:/project/IntelliJIDEAProject/work/env/jdk1.8.0_201/javafx-src.zip!/" type="simple" />
          </root>
        </sourcePath>
      </roots>
      <additional />
    </jdk>
  </component>
</application>