<application>
  <component name="Translation.Cache">
    <option name="lastTrimTime" value="1699844434300" />
  </component>
  <component name="Translation.Settings">
    <option name="primaryLanguage" value="AUTO" />
    <option name="translator" value="YOUDAO" />
    <option name="youdaoTranslateSettings">
      <youdao-translate>
        <option name="appId" value="790d8c17d9b6123c" />
      </youdao-translate>
    </option>
  </component>
  <component name="Translation.States">
    <option name="newTranslationDialogHeight" value="370" />
    <option name="newTranslationDialogWidth" value="917" />
    <option name="newTranslationDialogX" value="368" />
    <option name="newTranslationDialogY" value="276" />
    <histories>
      <item value="feat" />
      <item value="Cache is not alive" />
      <item value="SYS READER" />
      <item value="recycle" />
      <item value="JMS IPLC HK 1000 V2 EARLY ACCESS" />
      <item value="Just My Socks LA 500" />
      <item value="Promotion Code Accepted! Your order total has been updated." />
      <item value="labjic" />
      <item value="lab" />
      <item value="labtic" />
      <item value="teflo" />
      <item value="teflon" />
      <item value="te" />
      <item value="set Interval" />
      <item value="visiable" />
      <item value="proceed" />
      <item value="procee" />
      <item value="可以进行下" />
      <item value="可以进行下一" />
      <item value="可以进行下一bu" />
      <item value="可以进行下一个" />
      <item value="process" />
      <item value="pro" />
      <item value="开关" />
      <item value="kai'g" />
      <item value="kai'gau" />
      <item value="can Next" />
      <item value="可以进行下一步" />
      <item value="validate Pre Sign" />
      <item value="validate" />
      <item value="depend" />
      <item value="pro Eqb Pre Sign Edit Id" />
      <item value="'binlog_format' is deprecated and will be removed in a future release." />
      <item value="Unable to resize binlog IOCACHE auxiliary file" />
      <item value="Unable to commit against JDBC Connection" />
      <item value="against" />
      <item value="secure" />
      <item value="signed Count" />
      <item value="signed" />
      <item value="signd" />
      <item value="sign" />
      <item value="wait For Signal" />
      <item value="Turn On" />
      <item value="Turn" />
      <item value="is Eqb Server Turn On" />
      <item value="Max Heap Size" />
      <item value="Max HeapSize" />
      <item value="MaxHeapSize" />
      <item value="bookmarkk" />
      <item value="book Mark" />
    </histories>
    <option name="languageScores">
      <map>
        <entry key="CHINESE" value="34" />
        <entry key="ENGLISH" value="32" />
        <entry key="ESTONIAN" value="1" />
        <entry key="INDONESIAN" value="1" />
      </map>
    </option>
  </component>
</application>