<application>
  <component name="ProjectManager">
    <defaultProject>
      <component name="PropertiesComponent"><![CDATA[{
  "keyToString": {
    "last_opened_file_path": "E:/ALL/Tool/JetBrains/IntelliJ IDEA/c_插件/web热部署插件/jrebel_8/jr-ide-intellij-2018.1.1_13-17.zip",
    "settings.editor.selected.configurable": "preferences.pluginManager"
  }
}]]></component>
      <component name="WindowStateProjectService">
        <state x="549" y="122" key="FileChooserDialogImpl" timestamp="1690270904166">
          <screen x="0" y="0" width="1536" height="816" />
        </state>
        <state x="549" y="122" key="FileChooserDialogImpl/0.0.1536.816" timestamp="1690270904166" />
        <state x="266" y="42" key="SettingsEditor" timestamp="1690270980203">
          <screen x="0" y="0" width="1536" height="816" />
        </state>
        <state x="266" y="42" key="SettingsEditor/0.0.1536.816" timestamp="1690270980203" />
      </component>
    </defaultProject>
  </component>
</application>