<application>
  <component name="Settings">
    <option name="ignoreRegExp" value="" />
    <option name="translator" value="ai.youdao" />
    <option name="youdaoTranslateSettings">
      <youdao-translate>
        <option name="appId" value="790d8c17d9b6123c" />
        <option name="appKeyConfigured" value="true" />
      </youdao-translate>
    </option>
  </component>
  <component name="Translation.Cache">
    <option name="lastTrimTime" value="1690272658092" />
  </component>
  <component name="Translation.Settings">
    <option name="primaryLanguage" value="AUTO" />
    <option name="translator" value="YOUDAO" />
    <option name="youdaoTranslateSettings">
      <youdao-translate>
        <option name="appId" value="790d8c17d9b6123c" />
      </youdao-translate>
    </option>
  </component>
  <component name="Translation.States">
    <option name="newTranslationDialogCollapseDictViewer" value="false" />
    <option name="newTranslationDialogHeight" value="209" />
    <option name="newTranslationDialogWidth" value="582" />
    <option name="newTranslationDialogX" value="428" />
    <option name="newTranslationDialogY" value="261" />
    <histories>
      <item value="Principal" />
      <item value="生成" />
      <item value="Pro Eqb Pre Sign Req VO" />
      <item value="pro Eqb Pre Sign VO" />
      <item value="Tree View" />
      <item value="can i help you" />
      <item value="can i he" />
      <item value="can" />
      <item value="set Drafter Id" />
      <item value="set Future Node Id" />
      <item value="green night" />
      <item value="  &#10;&#10;You're on the waitlist for the new Bing! &#10;  &#10;&#10;&#10;We're excited for you to preview the future of search.&#10;You'll get an email once we're ready for you to try it.&#10;We're early in our journey and look forward to hearing your feedback.&#10;Thank you,&#10;The Bing team&#10;&#10;" />
      <item value="v" />
      <item value="watch Effect" />
      <item value="watchEffect" />
      <item value="effect" />
      <item value="Proxy" />
      <item value="stop wishing start doing" />
      <item value="stop " />
      <item value="k" />
      <item value="stand" />
      <item value="sta" />
      <item value="mounted" />
      <item value="directives" />
      <item value="fixed" />
      <item value="use Canon Caches" />
      <item value="Soft Ref LRU Policy MS Per MB" />
      <item value="Ignore Unrecognized VM Options" />
      <item value="Use Conc Mark Sweep GC" />
      <item value="UseConcMarkSweepGC" />
      <item value="Use G 1 GC" />
      <item value="Reserved Code Cache Size" />
      <item value="CI Compiler Count" />
      <item value="fd Establish" />
      <item value="unambiguous imports on the fly" />
      <item value="unambiguous imports" />
      <item value="unambiguous " />
      <item value="unambiguo" />
      <item value="unambig" />
      <item value="unambigou" />
      <item value="add unambiguous imports on the fly&#10;optimize imports on the fly" />
      <item value="add unambiguous imports on the fly&#10;optimize imports on the fl" />
      <item value="add unambiguous imports on the fly&#10;optimize imports on the " />
      <item value="add unambiguous imports on the fly&#10;optimize imports on " />
      <item value="add unambiguous imports on the fly&#10;opt" />
      <item value="add unambiguous imports on the fly&#10;" />
      <item value="add unambiguous imports on the fly" />
      <item value="add unambiguous imports on t" />
      <item value="add unambiguous imports on " />
      <item value="add unambiguous impo" />
    </histories>
    <option name="languageScores">
      <map>
        <entry key="CHINESE" value="21" />
        <entry key="ENGLISH" value="21" />
      </map>
    </option>
  </component>
</application>