<application>
  <component name="ProjectManager">
    <defaultProject>
      <component name="PropertiesComponent">{
  &quot;keyToString&quot;: {
    &quot;last_opened_file_path&quot;: &quot;C:/project/IntelliJIDEAProject/work&quot;,
    &quot;settings.editor.selected.configurable&quot;: &quot;vcs.Subversion&quot;
  }
}</component>
      <component name="SvnConfiguration">
        <configuration>C:\Users\Lancet\AppData\Roaming\Subversion</configuration>
      </component>
      <component name="WindowStateProjectService">
        <state x="610" y="152" key="FileChooserDialogImpl" timestamp="1698636139244">
          <screen x="0" y="0" width="1707" height="1019" />
        </state>
        <state x="610" y="152" key="FileChooserDialogImpl/0.0.1707.1019" timestamp="1698636139244" />
        <state x="296" y="52" key="SettingsEditor" timestamp="1699429793595">
          <screen x="0" y="0" width="1707" height="1019" />
        </state>
        <state x="296" y="52" key="SettingsEditor/0.0.1707.1019" timestamp="1699429793595" />
      </component>
      <component name="masterDetails">
        <states>
          <state key="ProjectJDKs.UI">
            <settings>
              <last-edited>1.7</last-edited>
              <splitter-proportions>
                <option name="proportions">
                  <list>
                    <option value="0.2" />
                  </list>
                </option>
              </splitter-proportions>
            </settings>
          </state>
        </states>
      </component>
    </defaultProject>
  </component>
</application>