<application>
  <component name="Translation.Cache">
    <option name="lastTrimTime" value="1676427819507" />
  </component>
  <component name="Translation.Settings">
    <option name="primaryLanguage" value="AUTO" />
    <option name="translator" value="YOUDAO" />
    <option name="youdaoTranslateSettings">
      <youdao-translate>
        <option name="appId" value="790d8c17d9b6123c" />
      </youdao-translate>
    </option>
  </component>
  <component name="Translation.States">
    <option name="newTranslationDialogWidth" value="598" />
    <option name="newTranslationDialogX" value="599" />
    <option name="newTranslationDialogY" value="341" />
    <histories>
      <item value="Child" />
      <item value="row" />
      <item value="append Child" />
      <item value="test" />
    </histories>
    <option name="languageScores">
      <map>
        <entry key="CHINESE" value="3" />
        <entry key="ENGLISH" value="3" />
      </map>
    </option>
  </component>
</application>