<application>
  <component name="Translation.Cache">
    <option name="lastTrimTime" value="1676427819507" />
  </component>
  <component name="Translation.Settings">
    <option name="primaryLanguage" value="AUTO" />
    <option name="translator" value="YOUDAO" />
    <option name="youdaoTranslateSettings">
      <youdao-translate>
        <option name="appId" value="790d8c17d9b6123c" />
      </youdao-translate>
    </option>
  </component>
  <component name="Translation.States">
    <option name="newTranslationDialogCollapseDictViewer" value="false" />
    <option name="newTranslationDialogHeight" value="235" />
    <option name="newTranslationDialogWidth" value="588" />
    <option name="newTranslationDialogX" value="428" />
    <option name="newTranslationDialogY" value="261" />
    <histories>
      <item value="mounted" />
      <item value="directives" />
      <item value="fixed" />
      <item value="use Canon Caches" />
      <item value="Soft Ref LRU Policy MS Per MB" />
      <item value="Ignore Unrecognized VM Options" />
      <item value="Use Conc Mark Sweep GC" />
      <item value="UseConcMarkSweepGC" />
      <item value="Use G 1 GC" />
      <item value="Reserved Code Cache Size" />
      <item value="CI Compiler Count" />
      <item value="fd Establish" />
      <item value="unambiguous imports on the fly" />
      <item value="unambiguous imports" />
      <item value="unambiguous " />
      <item value="unambiguo" />
      <item value="unambig" />
      <item value="unambigou" />
      <item value="add unambiguous imports on the fly&#10;optimize imports on the fly" />
      <item value="add unambiguous imports on the fly&#10;optimize imports on the fl" />
      <item value="add unambiguous imports on the fly&#10;optimize imports on the " />
      <item value="add unambiguous imports on the fly&#10;optimize imports on " />
      <item value="add unambiguous imports on the fly&#10;opt" />
      <item value="add unambiguous imports on the fly&#10;" />
      <item value="add unambiguous imports on the fly" />
      <item value="add unambiguous imports on t" />
      <item value="add unambiguous imports on " />
      <item value="add unambiguous impo" />
      <item value="add unambiguous " />
      <item value="add unambigu" />
      <item value="add unamb" />
      <item value="Inquiry" />
      <item value="tab limit" />
      <item value="chat" />
      <item value="chatu" />
      <item value="internal Form" />
      <item value="eat" />
      <item value="底部" />
      <item value="dibu " />
      <item value="reduce the indexing time and cpu load with per-built jdk shared indexes" />
      <item value="reduce the indexing time and cpu load with per-built jdk shared index" />
      <item value="reduce the indexing time and cpu load with per-built jdk sha" />
      <item value="reduce the indexing time and cpu load with per-" />
      <item value="reduce the indexing time and cpu load with p" />
      <item value="reduce the indexing time and cpu " />
      <item value="reduce the indexing time and " />
      <item value="reduce the " />
      <item value="reduce" />
      <item value="beta" />
      <item value="be" />
    </histories>
    <option name="languageScores">
      <map>
        <entry key="CHINESE" value="14" />
        <entry key="ENGLISH" value="14" />
      </map>
    </option>
  </component>
</application>