<application>
  <component name="Translation.Cache">
    <option name="lastTrimTime" value="1676427819507" />
  </component>
  <component name="Translation.Settings">
    <option name="primaryLanguage" value="AUTO" />
    <option name="translator" value="YOUDAO" />
    <option name="youdaoTranslateSettings">
      <youdao-translate>
        <option name="appId" value="790d8c17d9b6123c" />
      </youdao-translate>
    </option>
  </component>
  <component name="Translation.States">
    <option name="newTranslationDialogCollapseDictViewer" value="false" />
    <option name="newTranslationDialogHeight" value="243" />
    <option name="newTranslationDialogWidth" value="594" />
    <option name="newTranslationDialogX" value="467" />
    <option name="newTranslationDialogY" value="303" />
    <histories>
      <item value="底部" />
      <item value="dibu " />
      <item value="reduce the indexing time and cpu load with per-built jdk shared indexes" />
      <item value="reduce the indexing time and cpu load with per-built jdk shared index" />
      <item value="reduce the indexing time and cpu load with per-built jdk sha" />
      <item value="reduce the indexing time and cpu load with per-" />
      <item value="reduce the indexing time and cpu load with p" />
      <item value="reduce the indexing time and cpu " />
      <item value="reduce the indexing time and " />
      <item value="reduce the " />
      <item value="reduce" />
      <item value="beta" />
      <item value="be" />
      <item value="Child" />
      <item value="row" />
      <item value="append Child" />
      <item value="test" />
    </histories>
    <option name="languageScores">
      <map>
        <entry key="CHINESE" value="3" />
        <entry key="ENGLISH" value="3" />
      </map>
    </option>
  </component>
</application>