<application>
  <component name="ProjectManager">
    <defaultProject>
      <component name="PropertiesComponent"><![CDATA[{
  "keyToString": {
    "last_opened_file_path": "D:/webstormproject"
  }
}]]></component>
      <component name="WindowStateProjectService">
        <state x="549" y="122" key="FileChooserDialogImpl" timestamp="1676880643418">
          <screen x="0" y="0" width="1536" height="816" />
        </state>
        <state x="549" y="122" key="FileChooserDialogImpl/0.0.1536.816" timestamp="1676880643418" />
      </component>
    </defaultProject>
  </component>
</application>