<application>
  <component name="Translation.Cache">
    <option name="lastTrimTime" value="1676881764016" />
  </component>
  <component name="Translation.Settings">
    <option name="primaryLanguage" value="AUTO" />
    <option name="translator" value="YOUDAO" />
    <option name="youdaoTranslateSettings">
      <youdao-translate>
        <option name="appId" value="790d8c17d9b6123c" />
      </youdao-translate>
    </option>
  </component>
  <component name="Translation.States">
    <option name="newTranslationDialogWidth" value="594" />
    <option name="newTranslationDialogX" value="487" />
    <option name="newTranslationDialogY" value="284" />
    <histories>
      <item value="listen EACCES: permission denied 0.0.0.0:80" />
      <item value=" for documentation about this command.&#10;" />
      <item value="resolve " />
      <item value="Promise " />
      <item value="prop " />
      <item value="components" />
      <item value="handler" />
      <item value="immediate" />
      <item value="compo" />
      <item value="com" />
      <item value="co'm" />
      <item value="_blank" />
    </histories>
    <option name="languageScores">
      <map>
        <entry key="CHINESE" value="3" />
        <entry key="ENGLISH" value="3" />
      </map>
    </option>
  </component>
</application>