<application>
  <component name="Translation.Cache">
    <option name="lastTrimTime" value="1676432275619" />
  </component>
  <component name="Translation.Settings">
    <option name="primaryLanguage" value="AUTO" />
    <option name="translator" value="YOUDAO" />
    <option name="youdaoTranslateSettings">
      <youdao-translate>
        <option name="appId" value="790d8c17d9b6123c" />
      </youdao-translate>
    </option>
  </component>
  <component name="Translation.States">
    <option name="newTranslationDialogWidth" value="598" />
    <option name="newTranslationDialogX" value="599" />
    <option name="newTranslationDialogY" value="339" />
    <histories>
      <item value="components" />
      <item value="compo" />
      <item value="com" />
      <item value="co'm" />
      <item value="_blank" />
    </histories>
    <option name="languageScores">
      <map>
        <entry key="CHINESE" value="1" />
        <entry key="ENGLISH" value="1" />
      </map>
    </option>
  </component>
</application>